competition,season,teamId,team,playerId,name,dateOfBirth,nationality,position,shirtNumber,role
SA,2025,98,AC Milan,2476,Pietro Terracciano,1990-03-08,Italy,Goalkeeper,,
SA,2025,98,AC Milan,8390,Mike Maignan,1995-07-03,France,Goalkeeper,,
SA,2025,98,AC Milan,251128,Lorenzo Torriani,2005-01-31,Italy,Goalkeeper,,
SA,2025,98,AC Milan,265490,Matteo Pittarella,2008-05-26,Italy,Goalkeeper,,
SA,2025,98,AC Milan,188876,Andrei Coubis,2003-09-29,Romania,Defence,,
SA,2025,98,AC Milan,256424,Zachary Athekame,2004-12-13,Switzerland,Defence,,
SA,2025,98,AC Milan,278015,Valeri Vladimirov,2008-06-04,Bulgaria,Defence,,
SA,2025,98,AC Milan,144909,Ardon Jasari,2002-07-30,Switzerland,Midfield,,
SA,2025,98,AC Milan,227048,Alex Jimenez,2005-05-08,Spain,Right-Back,,
SA,2025,98,AC Milan,215616,Davide Bartesaghi,2005-12-29,Italy,Left-Back,,
SA,2025,98,AC Milan,153556,Koni De Winter,2002-06-12,Belgium,Centre-Back,,
SA,2025,98,AC Milan,150669,Yunus Musah,2002-11-29,USA,Central Midfield,,
SA,2025,98,AC Milan,115245,Samuele Ricci,2001-08-21,Italy,Defensive Midfield,,
SA,2025,98,AC Milan,112969,Strahinja Pavlovic,2001-05-24,Serbia,Centre-Back,,
SA,2025,98,AC Milan,81299,Youssouf Fofana,1999-01-10,France,Defensive Midfield,,
SA,2025,98,AC Milan,39635,Santiago Gimenez,2001-04-18,Mexico,Centre-Forward,,
SA,2025,98,AC Milan,33124,Samuel Chukwueze,1999-05-22,Nigeria,Right Winger,,
SA,2025,98,AC Milan,32642,Pervis Estupinan,1998-01-21,Ecuador,Left-Back,,
SA,2025,98,AC Milan,15892,Rafael Leao,1999-06-10,Portugal,Left Winger,,
SA,2025,98,AC Milan,11528,Fikayo Tomori,1997-12-19,England,Centre-Back,,
SA,2025,98,AC Milan,8858,Alexis Saelemaekers,1999-06-27,Belgium,Right Winger,,
SA,2025,98,AC Milan,8489,Yacine Adli,2000-07-29,France,Defensive Midfield,,
SA,2025,98,AC Milan,8159,Ruben Loftus-Cheek,1996-01-23,England,Central Midfield,,
SA,2025,98,AC Milan,2505,Ismael Bennacer,1997-12-01,Algeria,Defensive Midfield,,
SA,2025,98,AC Milan,1753,Matteo Gabbia,1999-10-21,Italy,Centre-Back,,
SA,2025,98,AC Milan,145,Christian Pulisic,1998-09-18,USA,Right Winger,,
SA,2025,98,AC Milan,43,Luka Modric,1985-09-09,Croatia,Central Midfield,,
SA,2025,99,ACF Fiorentina,2786,Luca Lezzerini,1995-03-24,Italy,Goalkeeper,,
SA,2025,99,ACF Fiorentina,3188,David De Gea,1990-11-07,Spain,Goalkeeper,,
SA,2025,99,ACF Fiorentina,189622,Tommaso Martinelli,2006-01-06,Italy,Goalkeeper,,
SA,2025,99,ACF Fiorentina,274631,Pietro Leonardelli,2006-06-25,Italy,Goalkeeper,,
SA,2025,99,ACF Fiorentina,267944,Eddy Kouadio,2006-05-07,Italy,Defence,,
SA,2025,99,ACF Fiorentina,284108,Eman Kospo,2007-05-17,Bosnia-Herzegovina,Defence,,
SA,2025,99,ACF Fiorentina,1822,Edin Dzeko,1986-03-17,Bosnia-Herzegovina,Offence,,
SA,2025,99,ACF Fiorentina,3851,Albert Guðmundsson,1997-06-15,Iceland,Offence,,
SA,2025,99,ACF Fiorentina,284641,Riccardo Braschi,2006-08-24,Italy,Offence,,
SA,2025,99,ACF Fiorentina,97879,Nicolo Fagioli,2001-02-12,Italy,Central Midfield,,
SA,2025,99,ACF Fiorentina,16474,Dodo,1998-11-17,Brazil,Right-Back,,
SA,2025,99,ACF Fiorentina,15110,Marin Pongracic,1997-09-11,Croatia,Centre-Back,,
SA,2025,99,ACF Fiorentina,8381,Jonathan Ikone,1998-05-02,France,Right Winger,,
SA,2025,99,ACF Fiorentina,8187,Abdelhamid Sabiri,1996-11-28,Morocco,Attacking Midfield,,
SA,2025,99,ACF Fiorentina,7647,Pablo Mari,1993-08-31,Spain,Centre-Back,,
SA,2025,99,ACF Fiorentina,2707,Christian Kouame,1997-12-06,Ivory Coast,Centre-Forward,,
SA,2025,99,ACF Fiorentina,2230,Rolando Mandragora,1997-06-29,Italy,Defensive Midfield,,
SA,2025,99,ACF Fiorentina,2171,Moise Kean,2000-02-28,Italy,Centre-Forward,,
SA,2025,99,ACF Fiorentina,2129,Antonin Barak,1994-12-03,Czech Republic,Attacking Midfield,,
SA,2025,99,ACF Fiorentina,1847,Robin Gosens,1994-07-05,Germany,Left-Back,,
SA,2025,99,ACF Fiorentina,1778,Luca Ranieri,1999-04-23,Italy,Centre-Back,,
SA,2025,99,ACF Fiorentina,251135,Niccolo Fortini,2006-02-13,Italy,Left-Back,,
SA,2025,99,ACF Fiorentina,217391,Pietro Comuzzo,2005-02-20,Italy,Centre-Back,,
SA,2025,99,ACF Fiorentina,192307,Cher Ndour,2004-07-27,Italy,Central Midfield,,
SA,2025,99,ACF Fiorentina,177054,Jacopo Fazzini,2003-03-16,Italy,Central Midfield,,
SA,2025,99,ACF Fiorentina,169152,Amir Richardson,2002-01-24,Morocco,Central Midfield,,
SA,2025,99,ACF Fiorentina,157799,Alessandro Bianco,2002-10-01,Italy,Central Midfield,,
SA,2025,99,ACF Fiorentina,157246,Dimo Krastev,2003-02-10,Bulgaria,Centre-Back,,
SA,2025,99,ACF Fiorentina,153979,Gino Infantino,2003-05-19,Argentina,Central Midfield,,
SA,2025,99,ACF Fiorentina,136628,Mattia Viti,2002-01-24,Italy,Centre-Back,,
SA,2025,99,ACF Fiorentina,129801,Fabiano Parisi,2000-11-09,Italy,Left-Back,,
SA,2025,99,ACF Fiorentina,98606,Simon Sohm,2001-04-11,Switzerland,Central Midfield,,
SA,2025,99,ACF Fiorentina,98572,Lucas Beltran,2001-06-23,Argentina,Attacking Midfield,,
SA,2025,100,AS Roma,1829,Pierluigi Gollini,1995-03-18,Italy,Goalkeeper,,
SA,2025,100,AS Roma,16735,Mile Svilar,1999-08-27,Serbia,Goalkeeper,,
SA,2025,100,AS Roma,191127,Devis Vasquez,2026-06-30,Colombia,Goalkeeper,,
SA,2025,100,AS Roma,244869,Radoslaw Zelezny,2006-09-06,Poland,Goalkeeper,,
SA,2025,100,AS Roma,273759,Giorgio De Marzi,2007-04-18,USA,Goalkeeper,,
SA,2025,100,AS Roma,179164,Wesley,2003-09-06,Brazil,Defence,,
SA,2025,100,AS Roma,244544,Buba,2007-08-06,Spain,Defence,,
SA,2025,100,AS Roma,133589,Ebrima Darboe,2001-06-06,Gambia,Midfield,,
SA,2025,100,AS Roma,274076,Alessandro Romano,2006-06-17,Switzerland,Midfield,,
SA,2025,100,AS Roma,2046,Paulo Dybala,1993-11-15,Argentina,Offence,,
SA,2025,100,AS Roma,192382,Niccolo Pisilli,2004-09-23,Italy,Central Midfield,,
SA,2025,100,AS Roma,191705,Daniele Ghilardi,2003-01-06,Italy,Centre-Back,,
SA,2025,100,AS Roma,171121,Matias Soule,2003-04-15,Argentina,Right Winger,,
SA,2025,100,AS Roma,170647,Neil El Aynaoui,2001-07-02,France,Central Midfield,,
SA,2025,100,AS Roma,156762,Edoardo Bove,2002-05-16,Italy,Central Midfield,,
SA,2025,100,AS Roma,154031,Tommaso Baldanzi,2003-03-23,Italy,Attacking Midfield,,
SA,2025,100,AS Roma,149173,Devyne Rensch,2003-01-18,Netherlands,Right-Back,,
SA,2025,100,AS Roma,137693,Anass Salah-Eddine,2002-01-18,Netherlands,Left-Back,,
SA,2025,100,AS Roma,130809,Evan Ferguson,2004-10-19,Ireland,Centre-Forward,,
SA,2025,100,AS Roma,102395,Kouadio Kone,2001-05-17,France,Central Midfield,,
SA,2025,100,AS Roma,32703,Mario Hermoso,1995-06-18,Spain,Centre-Back,,
SA,2025,100,AS Roma,29622,Zeki Celik,1997-02-17,Turkey,Right-Back,,
SA,2025,100,AS Roma,24217,Artem Dovbyk,1997-06-21,Ukraine,Centre-Forward,,
SA,2025,100,AS Roma,7646,Angelino,1997-01-04,Spain,Left-Back,,
SA,2025,100,AS Roma,1844,Bryan Cristante,1995-03-03,Italy,Defensive Midfield,,
SA,2025,100,AS Roma,1837,Gianluca Mancini,1996-04-17,Italy,Centre-Back,,
SA,2025,100,AS Roma,1823,Stephan El Shaarawy,1992-10-27,Italy,Left Winger,,
SA,2025,100,AS Roma,1819,Lorenzo Pellegrini,1996-06-19,Italy,Attacking Midfield,,
SA,2025,100,AS Roma,526,Evan N'Dicka,1999-08-20,Ivory Coast,Centre-Back,,
SA,2025,100,AS Roma,157,Leon Bailey,1997-08-09,Jamaica,Right Winger,,
SA,2025,102,Atalanta BC,1767,Marco Sportiello,1992-05-10,Italy,Goalkeeper,,
SA,2025,102,Atalanta BC,1830,Francesco Rossi,1991-04-27,Italy,Goalkeeper,,
SA,2025,102,Atalanta BC,102220,Marco Carnesecchi,2000-07-01,Italy,Goalkeeper,,
SA,2025,102,Atalanta BC,151933,Lorenzo Bernasconi,2003-11-16,Italy,Defence,,
SA,2025,102,Atalanta BC,246518,Relja Obric,2006-04-11,Slovenia,Defence,,
SA,2025,102,Atalanta BC,264061,Pietro Tornaghi,2005-11-24,Italy,Defence,,
SA,2025,102,Atalanta BC,81440,Ederson,1999-07-07,Brazil,Midfield,,
SA,2025,102,Atalanta BC,9554,Ademola Lookman,1997-10-20,Nigeria,Offence,,
SA,2025,102,Atalanta BC,130420,Lazar Samardzic,2002-02-24,Serbia,Central Midfield,,
SA,2025,102,Atalanta BC,129947,Charles De Ketelaere,2001-03-10,Belgium,Attacking Midfield,,
SA,2025,102,Atalanta BC,120679,Nikola Krstovic,2000-04-05,Montenegro,Centre-Forward,,
SA,2025,102,Atalanta BC,99858,Marco Brescianini,2000-01-20,Italy,Central Midfield,,
SA,2025,102,Atalanta BC,7807,Davide Zappacosta,1992-06-11,Italy,Right Midfield,,
SA,2025,102,Atalanta BC,7786,Sead Kolasinac,1993-06-20,Bosnia-Herzegovina,Centre-Back,,
SA,2025,102,Atalanta BC,7555,Mitchel Bakker,2000-06-20,Netherlands,Left-Back,,
SA,2025,102,Atalanta BC,3553,Mario Pasalic,1995-02-09,Croatia,Central Midfield,,
SA,2025,102,Atalanta BC,2681,Gianluca Scamacca,1999-01-01,Italy,Centre-Forward,,
SA,2025,102,Atalanta BC,1848,Marten de Roon,1991-03-29,Netherlands,Defensive Midfield,,
SA,2025,102,Atalanta BC,1748,Raoul Bellanova,2000-05-17,Italy,Right Midfield,,
SA,2025,102,Atalanta BC,263661,Honest Ahanor,2008-02-23,Italy,Left-Back,,
SA,2025,102,Atalanta BC,207051,Tommaso Del Lungo,2004-04-20,Italy,Centre-Back,,
SA,2025,102,Atalanta BC,206136,Marco Palestra,2005-03-03,Italy,Right Midfield,,
SA,2025,102,Atalanta BC,188791,Ibrahim Sulemana,2003-05-22,Ghana,Defensive Midfield,,
SA,2025,102,Atalanta BC,177598,Giovanni Bonfanti,2003-01-17,Italy,Centre-Back,,
SA,2025,102,Atalanta BC,170381,Berat Djimsiti,2023-06-30,Albania,Centre-Back,,
SA,2025,102,Atalanta BC,167098,Odilon Kossounou,2001-01-04,Ivory Coast,Centre-Back,,
SA,2025,102,Atalanta BC,167031,Isak Hien,1999-01-13,Sweden,Centre-Back,,
SA,2025,102,Atalanta BC,153990,Giorgio Scalvini,2003-12-11,Italy,Centre-Back,,
SA,2025,102,Atalanta BC,152528,Nicola Zalewski,2002-01-23,Poland,Left Midfield,,
SA,2025,102,Atalanta BC,142140,Kamal Deen Sulemana,2002-02-15,Ghana,Left Winger,,
SA,2025,102,Atalanta BC,140773,El Bilal Toure,2001-10-03,Mali,Centre-Forward,,
SA,2025,102,Atalanta BC,136113,Daniel Maldini,2001-10-11,Italy,Attacking Midfield,,
SA,2025,103,Bologna FC 1909,1797,Łukasz Skorupski,1991-05-05,Poland,Goalkeeper,,
SA,2025,103,Bologna FC 1909,1862,Federico Ravaglia,1999-11-11,Italy,Goalkeeper,,
SA,2025,103,Bologna FC 1909,273010,Massimo Pessina,2007-12-25,Italy,Goalkeeper,,
SA,2025,103,Bologna FC 1909,152702,Martin Vitik,2003-01-21,Czech Republic,Defence,,
SA,2025,103,Bologna FC 1909,2040,Federico Bernardeschi,1994-02-16,Italy,Midfield,,
SA,2025,103,Bologna FC 1909,2576,Orji Okwonkwo,1998-01-19,Nigeria,Offence,,
SA,2025,103,Bologna FC 1909,117606,Nicolo Cambiaghi,2000-12-28,Italy,Offence,,
SA,2025,103,Bologna FC 1909,31243,Jesper Karlsson,1998-07-25,Sweden,Left Winger,,
SA,2025,103,Bologna FC 1909,23135,Nikola Moro,1998-03-12,Croatia,Defensive Midfield,,
SA,2025,103,Bologna FC 1909,22113,Jhon Lucumi,1998-06-26,Colombia,Centre-Back,,
SA,2025,103,Bologna FC 1909,16197,Torbjorn Heggem,1999-01-12,Norway,Centre-Back,,
SA,2025,103,Bologna FC 1909,9848,Thijs Dallinga,2000-08-03,Netherlands,Centre-Forward,,
SA,2025,103,Bologna FC 1909,2292,Lorenzo De Silvestri,1988-05-23,Italy,Right-Back,,
SA,2025,103,Bologna FC 1909,2282,Kevin Bonifazi,1996-05-19,Italy,Centre-Back,,
SA,2025,103,Bologna FC 1909,2076,Ciro Immobile,1990-02-20,Italy,Centre-Forward,,
SA,2025,103,Bologna FC 1909,2017,Jens Odgaard,1999-03-31,Denmark,Attacking Midfield,,
SA,2025,103,Bologna FC 1909,1905,Babis Lykogiannis,1993-10-22,Greece,Left-Back,,
SA,2025,103,Bologna FC 1909,1886,Riccardo Orsolini,1997-01-24,Italy,Right Winger,,
SA,2025,103,Bologna FC 1909,1841,Remo Freuler,1992-04-15,Switzerland,Central Midfield,,
SA,2025,103,Bologna FC 1909,395,Stefan Posch,1997-05-14,Austria,Right-Back,,
SA,2025,103,Bologna FC 1909,261168,Naim Byar,2005-02-23,France,Central Midfield,,
SA,2025,103,Bologna FC 1909,214554,Tommaso Corazza,2004-06-29,Italy,Left-Back,,
SA,2025,103,Bologna FC 1909,191379,Benjamin Dominguez,2003-09-19,Argentina,Left Winger,,
SA,2025,103,Bologna FC 1909,178152,Mihajlo Ilic,2003-06-04,Serbia,Centre-Back,,
SA,2025,103,Bologna FC 1909,171123,Giovanni Fabbian,2003-01-14,Italy,Attacking Midfield,,
SA,2025,103,Bologna FC 1909,170891,Santiago Castro,2004-09-18,Argentina,Centre-Forward,,
SA,2025,103,Bologna FC 1909,137362,Kacper Urbanski,2004-09-07,Poland,Central Midfield,,
SA,2025,103,Bologna FC 1909,127143,Nadir Zortea,1999-06-19,Italy,Right Midfield,,
SA,2025,103,Bologna FC 1909,111777,Emil Holm,2000-05-13,Sweden,Right-Back,,
SA,2025,103,Bologna FC 1909,99013,Tommaso Pobega,1999-07-15,Italy,Central Midfield,,
SA,2025,103,Bologna FC 1909,56645,Nicolo Casale,1998-02-14,Italy,Centre-Back,,
SA,2025,103,Bologna FC 1909,34638,Lewis Ferguson,1999-08-24,Scotland,Attacking Midfield,,
SA,2025,103,Bologna FC 1909,32491,Juan Miranda,2000-01-19,Spain,Left-Back,,
SA,2025,104,Cagliari Calcio,2611,Boris Radunovic,1996-05-26,Serbia,Goalkeeper,,
SA,2025,104,Cagliari Calcio,82004,Elia Caprile,2001-08-25,Italy,Goalkeeper,,
SA,2025,104,Cagliari Calcio,130428,Giuseppe Ciocci,2002-01-24,Italy,Goalkeeper,,
SA,2025,104,Cagliari Calcio,202717,Velizar Iliev,2005-07-20,Bulgaria,Goalkeeper,,
SA,2025,104,Cagliari Calcio,283445,Vincenzo Sarno,2008-05-16,Italy,Goalkeeper,,
SA,2025,104,Cagliari Calcio,277502,Nicola Pintus,2005-05-25,Italy,Defence,,
SA,2025,104,Cagliari Calcio,172424,Nicolo Cavuoti,2003-04-04,Italy,Midfield,,
SA,2025,104,Cagliari Calcio,114054,Sebastiano Esposito,2002-07-02,Italy,Offence,,
SA,2025,104,Cagliari Calcio,114101,Gennaro Borrelli,2000-03-10,Italy,Offence,,
SA,2025,104,Cagliari Calcio,171122,Zito Luvumbo,2002-03-09,Angola,Offence,,
SA,2025,104,Cagliari Calcio,191289,Semih Kilicsoy,2005-08-15,Turkey,Offence,,
SA,2025,104,Cagliari Calcio,261228,Riyad Idrissi,2005-06-13,Italy,Offence,,
SA,2025,104,Cagliari Calcio,246156,Alessandro Vinciguerra,2005-08-18,Italy,Centre-Forward,,
SA,2025,104,Cagliari Calcio,185019,Michel Adopo,2000-07-19,France,Central Midfield,,
SA,2025,104,Cagliari Calcio,170374,Adam Obert,2002-08-23,Slovakia,Centre-Back,,
SA,2025,104,Cagliari Calcio,166329,Matteo Prati,2003-12-28,Italy,Defensive Midfield,,
SA,2025,104,Cagliari Calcio,114052,Gabriele Zappa,1999-12-22,Italy,Right-Back,,
SA,2025,104,Cagliari Calcio,111294,Mattia Felici,2001-04-17,Italy,Left Winger,,
SA,2025,104,Cagliari Calcio,102591,Roberto Piccoli,2001-01-27,Italy,Centre-Forward,,
SA,2025,104,Cagliari Calcio,102211,Gianluca Gaetano,2000-05-05,Italy,Attacking Midfield,,
SA,2025,104,Cagliari Calcio,97787,Alessandro Di Pardo,1999-07-18,Italy,Right-Back,,
SA,2025,104,Cagliari Calcio,42760,Michael Folorunsho,1998-02-07,Italy,Central Midfield,,
SA,2025,104,Cagliari Calcio,3728,Yerry Mina,1994-09-23,Colombia,Centre-Back,,
SA,2025,104,Cagliari Calcio,2483,Sebastiano Luperto,1996-09-06,Italy,Centre-Back,,
SA,2025,104,Cagliari Calcio,2196,Luca Mazzitelli,1995-11-15,Italy,Central Midfield,,
SA,2025,104,Cagliari Calcio,2098,Marko Rog,1995-07-19,Croatia,Central Midfield,,
SA,2025,104,Cagliari Calcio,1925,Leonardo Pavoletti,1988-11-26,Italy,Centre-Forward,,
SA,2025,104,Cagliari Calcio,1914,Alessandro Deiola,1995-08-01,Italy,Central Midfield,,
SA,2025,107,Genoa CFC,2580,Nicola Leali,1993-02-17,Italy,Goalkeeper,,
SA,2025,107,Genoa CFC,72523,Benjamin Siegrist,1992-01-31,Switzerland,Goalkeeper,,
SA,2025,107,Genoa CFC,75224,Daniele Sommariva,1997-07-18,Italy,Goalkeeper,,
SA,2025,107,Genoa CFC,9353,Nicolae Stanciu,1993-05-07,Romania,Midfield,,
SA,2025,107,Genoa CFC,179561,Ruslan Malinovskiy,1993-05-04,Ukraine,Midfield,,
SA,2025,107,Genoa CFC,178736,Vitinha,2000-03-15,Portugal,Offence,,
SA,2025,107,Genoa CFC,218156,Daniel Fossati,2003-07-22,Italy,Offence,,
SA,2025,107,Genoa CFC,274222,Lorenzo Venturino,2006-06-22,Italy,Offence,,
SA,2025,107,Genoa CFC,144430,Albert Gronbaek Erlykke,2001-05-23,Denmark,Central Midfield,,
SA,2025,107,Genoa CFC,97869,Junior Messias,1991-05-13,Brazil,Right Winger,,
SA,2025,107,Genoa CFC,81998,Alessandro Vogliacco,1998-09-14,Italy,Centre-Back,,
SA,2025,107,Genoa CFC,44032,Leo Østigard,1999-11-28,Norway,Centre-Back,,
SA,2025,107,Genoa CFC,39330,Johan Vasquez,1998-10-22,Mexico,Centre-Back,,
SA,2025,107,Genoa CFC,38409,Emil Bohinen,1999-03-12,Norway,Defensive Midfield,,
SA,2025,107,Genoa CFC,32701,Aaron Martin,1997-04-22,Spain,Left-Back,,
SA,2025,107,Genoa CFC,24119,Morten Frendrup,2001-04-07,Denmark,Central Midfield,,
SA,2025,107,Genoa CFC,7421,Morten Thorsby,1996-05-05,Norway,Central Midfield,,
SA,2025,107,Genoa CFC,4165,Caleb Ekuban,1994-03-23,Ghana,Centre-Forward,,
SA,2025,107,Genoa CFC,2443,Stefano Sabelli,1993-01-13,Italy,Right-Back,,
SA,2025,107,Genoa CFC,264837,Hugo Cuenca,2005-01-08,Paraguay,Attacking Midfield,,
SA,2025,107,Genoa CFC,263662,Jeff Ekhator,2006-11-11,Italy,Centre-Forward,,
SA,2025,107,Genoa CFC,242561,Christos Papadopoulos,2004-11-01,Greece,Attacking Midfield,,
SA,2025,107,Genoa CFC,212573,David Ankeye,2002-05-22,Nigeria,Centre-Forward,,
SA,2025,107,Genoa CFC,192114,Seydou Fini,2006-06-02,Italy,Right Winger,,
SA,2025,107,Genoa CFC,188644,Alessandro Marcandalli,2002-10-25,Italy,Centre-Back,,
SA,2025,107,Genoa CFC,188357,Sebastian Otoa,2004-05-13,Denmark,Centre-Back,,
SA,2025,107,Genoa CFC,187371,Valentin Carboni,2005-03-05,Italy,Attacking Midfield,,
SA,2025,107,Genoa CFC,177169,Brooke Norton-Cuffy,2004-01-12,England,Right-Back,,
SA,2025,107,Genoa CFC,172413,Mikael Egill Ellertsson,2002-03-11,Iceland,Central Midfield,,
SA,2025,107,Genoa CFC,153097,Patrizio Masini,2001-01-27,Italy,Central Midfield,,
SA,2025,107,Genoa CFC,144566,Lorenzo Colombo,2002-03-08,Italy,Centre-Forward,,
SA,2025,108,FC Internazionale Milano,2819,Raffaele Di Gennaro,1993-10-03,Italy,Goalkeeper,,
SA,2025,108,FC Internazionale Milano,3470,Yann Sommer,1988-12-17,Switzerland,Goalkeeper,,
SA,2025,108,FC Internazionale Milano,101415,Josep Martinez,1998-05-27,Spain,Goalkeeper,,
SA,2025,108,FC Internazionale Milano,167689,Carlos Augusto Lobaton,1999-01-07,Brazil,Defence,,
SA,2025,108,FC Internazionale Milano,273853,Christos Alexiou,2005-06-30,Greece,Defence,,
SA,2025,108,FC Internazionale Milano,274403,Gabriele Re Cecconi,2006-04-25,Italy,Defence,,
SA,2025,108,FC Internazionale Milano,276065,Matteo Cocchi,2007-02-01,Italy,Defence,,
SA,2025,108,FC Internazionale Milano,154013,Petar Sucic,2003-10-25,Croatia,Midfield,,
SA,2025,108,FC Internazionale Milano,271989,Thomas Berenbruch,2005-05-31,Italy,Midfield,,
SA,2025,108,FC Internazionale Milano,215433,Francesco Esposito,2005-06-28,Italy,Offence,,
SA,2025,108,FC Internazionale Milano,277505,Matteo Spinacce,2006-07-13,Italy,Offence,,
SA,2025,108,FC Internazionale Milano,277575,Matteo Lavelli,2006-12-08,Italy,Offence,,
SA,2025,108,FC Internazionale Milano,8685,Marcus Thuram-Ulien,1997-08-06,France,Centre-Forward,,
SA,2025,108,FC Internazionale Milano,7900,Matteo Darmian,1989-12-02,Italy,Right-Back,,
SA,2025,108,FC Internazionale Milano,7795,Henrikh Mkhitaryan,1989-01-21,Armenia,Central Midfield,,
SA,2025,108,FC Internazionale Milano,7417,Denzel Dumfries,1996-04-18,Netherlands,Right-Back,,
SA,2025,108,FC Internazionale Milano,3820,Mehdi Taremi,1992-07-18,Iran,Centre-Forward,,
SA,2025,108,FC Internazionale Milano,3364,Benjamin Pavard,1996-03-28,France,Centre-Back,,
SA,2025,108,FC Internazionale Milano,3220,Lautaro Martinez,1997-08-22,Argentina,Centre-Forward,,
SA,2025,108,FC Internazionale Milano,2200,Davide Frattesi,1999-09-22,Italy,Central Midfield,,
SA,2025,108,FC Internazionale Milano,2180,Francesco Acerbi,1988-02-10,Italy,Centre-Back,,
SA,2025,108,FC Internazionale Milano,2097,Piotr Zielinski,1994-05-20,Poland,Central Midfield,,
SA,2025,108,FC Internazionale Milano,2053,Stefan de Vrij,1992-02-05,Netherlands,Centre-Back,,
SA,2025,108,FC Internazionale Milano,1911,Nicolo Barella,1997-02-07,Italy,Central Midfield,,
SA,2025,108,FC Internazionale Milano,1834,Alessandro Bastoni,1999-04-13,Italy,Centre-Back,,
SA,2025,108,FC Internazionale Milano,1754,Hakan Calhanoglu,1994-02-08,Turkey,Defensive Midfield,,
SA,2025,108,FC Internazionale Milano,193,Yann Aurel Bisseck,2000-11-29,Germany,Centre-Back,,
SA,2025,108,FC Internazionale Milano,168656,Andy Diouf,2003-05-17,France,Central Midfield,,
SA,2025,108,FC Internazionale Milano,154733,Kristjan Asllani,2002-03-09,Albania,Defensive Midfield,,
SA,2025,108,FC Internazionale Milano,152738,Ange-Yoan Bonny,2003-10-25,France,Centre-Forward,,
SA,2025,108,FC Internazionale Milano,142990,Tiago Palacios,2003-04-28,Argentina,Centre-Back,,
SA,2025,108,FC Internazionale Milano,115074,Luis Henrique,2001-12-14,Brazil,Left Winger,,
SA,2025,108,FC Internazionale Milano,30821,Federico Dimarco,1997-11-10,Italy,Left-Back,,
SA,2025,109,Juventus FC,1959,Mattia Perin,1992-11-10,Italy,Goalkeeper,,
SA,2025,109,Juventus FC,2023,Carlo Pinsoglio,1990-03-16,Italy,Goalkeeper,,
SA,2025,109,Juventus FC,41381,Michele Di Gregorio,1997-07-27,Italy,Goalkeeper,,
SA,2025,109,Juventus FC,217685,Matteo Fuscaldo,2005-02-25,Italy,Goalkeeper,,
SA,2025,109,Juventus FC,191584,Niccolo Rizzo,2007-07-19,Italy,Defence,,
SA,2025,109,Juventus FC,261736,Stefano Turco,2005-01-24,Italy,Defence,,
SA,2025,109,Juventus FC,270540,Javier Gil,2006-05-03,Spain,Defence,,
SA,2025,109,Juventus FC,265200,Augusto Owusu,2005-01-28,Italy,Midfield,,
SA,2025,109,Juventus FC,221357,Lorenzo Anghele,2005-02-26,Italy,Offence,,
SA,2025,109,Juventus FC,245050,Diego Pugno,2006-07-07,Italy,Offence,,
SA,2025,109,Juventus FC,99251,Khephren Thuram-Ulie,2001-03-26,France,Central Midfield,,
SA,2025,109,Juventus FC,82126,Joao Mario Lopes,2000-01-03,Portugal,Right-Back,,
SA,2025,109,Juventus FC,82002,Dusan Vlahovic,2000-01-28,Serbia,Centre-Forward,,
SA,2025,109,Juventus FC,45680,Nicolas Gonzalez,1998-04-06,Argentina,Right Winger,,
SA,2025,109,Juventus FC,37134,Tiago Djalo,2000-04-09,Portugal,Centre-Back,,
SA,2025,109,Juventus FC,8924,Jonathan David,2000-01-14,Canada,Centre-Forward,,
SA,2025,109,Juventus FC,7693,Teun Koopmeiners,1998-02-28,Netherlands,Attacking Midfield,,
SA,2025,109,Juventus FC,6507,Weston McKennie,1998-08-28,USA,Central Midfield,,
SA,2025,109,Juventus FC,4393,Lloyd Kelly,1998-10-06,England,Centre-Back,,
SA,2025,109,Juventus FC,3446,Filip Kostic,1992-11-01,Serbia,Left Midfield,,
SA,2025,109,Juventus FC,2105,Arkadiusz Milik,1994-02-28,Poland,Centre-Forward,,
SA,2025,109,Juventus FC,2027,Daniele Rugani,1994-07-29,Italy,Centre-Back,,
SA,2025,109,Juventus FC,1751,Manuel Locatelli,1998-01-08,Italy,Defensive Midfield,,
SA,2025,109,Juventus FC,1148,Arthur,1996-08-12,Brazil,Defensive Midfield,,
SA,2025,109,Juventus FC,1106,Bremer,1997-03-18,Brazil,Centre-Back,,
SA,2025,109,Juventus FC,217688,Jonas Rouhi,2004-01-07,Sweden,Left-Back,,
SA,2025,109,Juventus FC,214537,Facundo Gonzalez,2003-06-06,Uruguay,Centre-Back,,
SA,2025,109,Juventus FC,191730,Nicolo Savona,2003-03-19,Italy,Right-Back,,
SA,2025,109,Juventus FC,191712,Kenan Yıldız,2005-05-04,Turkey,Left Winger,,
SA,2025,109,Juventus FC,183018,Vasilije Adzic,2006-05-12,Montenegro,Attacking Midfield,,
SA,2025,109,Juventus FC,161142,Fabio Miretti,2003-08-03,Italy,Central Midfield,,
SA,2025,109,Juventus FC,153130,Federico Gatti,1998-06-24,Italy,Centre-Back,,
SA,2025,109,Juventus FC,150791,Francisco Conceicao,2002-12-14,Portugal,Right Winger,,
SA,2025,109,Juventus FC,141295,Pierre Kalulu,2000-06-05,France,Centre-Back,,
SA,2025,109,Juventus FC,124865,Andrea Cambiaso,2000-02-20,Italy,Left-Back,,
SA,2025,109,Juventus FC,121860,Juan Cabal,2001-01-08,Colombia,Left-Back,,
SA,2025,110,SS Lazio,2475,Ivan Provedel,1994-03-17,Italy,Goalkeeper,,
SA,2025,110,SS Lazio,43190,Christos Mandas,2001-09-17,Greece,Goalkeeper,,
SA,2025,110,SS Lazio,118438,Alessio Furlanetto,2002-02-07,Italy,Goalkeeper,,
SA,2025,110,SS Lazio,213185,Mohamed Fares,1996-02-15,Algeria,Midfield,,
SA,2025,110,SS Lazio,274812,Federico Serra,2006-01-03,Italy,Offence,,
SA,2025,110,SS Lazio,28416,Valentin Castellanos,1998-10-03,Argentina,Centre-Forward,,
SA,2025,110,SS Lazio,23703,Toma Basic,1996-11-25,Croatia,Central Midfield,,
SA,2025,110,SS Lazio,8912,Samuel Gigot,1993-10-12,France,Centre-Back,,
SA,2025,110,SS Lazio,7818,Pedro,1987-07-28,Spain,Right Winger,,
SA,2025,110,SS Lazio,2358,Manuel Lazzari,1993-11-29,Italy,Right Midfield,,
SA,2025,110,SS Lazio,2329,Danilo Cataldi,1994-08-06,Italy,Defensive Midfield,,
SA,2025,110,SS Lazio,2158,Mattia Zaccagni,1995-06-16,Italy,Left Winger,,
SA,2025,110,SS Lazio,2088,Elseid Hysaj,1994-02-02,Albania,Right-Back,,
SA,2025,110,SS Lazio,2069,Adam Marusic,1992-10-17,Montenegro,Right-Back,,
SA,2025,110,SS Lazio,2065,Patric,1993-04-17,Spain,Centre-Back,,
SA,2025,110,SS Lazio,2009,Matias Vecino,1991-08-24,Uruguay,Central Midfield,,
SA,2025,110,SS Lazio,1803,Luca Pellegrini,1999-03-07,Italy,Left-Back,,
SA,2025,110,SS Lazio,1740,Alessio Romagnoli,1995-01-12,Italy,Centre-Back,,
SA,2025,110,SS Lazio,600,Matteo Guendouzi,1999-04-14,France,Central Midfield,,
SA,2025,110,SS Lazio,217916,Sana Fernandes,2006-03-10,Portugal,Left Winger,,
SA,2025,110,SS Lazio,212456,Oliver Nielsen,2003-06-04,Denmark,Centre-Back,,
SA,2025,110,SS Lazio,187476,Reda Belahyane,2004-06-01,Morocco,Defensive Midfield,,
SA,2025,110,SS Lazio,180139,Gila,2000-08-29,Spain,Centre-Back,,
SA,2025,110,SS Lazio,171448,Tijjani Noslin,1999-07-07,Netherlands,Right Winger,,
SA,2025,110,SS Lazio,152787,Matteo Cancellieri,2002-02-12,Italy,Right Winger,,
SA,2025,110,SS Lazio,147781,Fisayo Dele-Bashiru,2001-02-06,Nigeria,Attacking Midfield,,
SA,2025,110,SS Lazio,128007,Gustav Isaksen,2001-04-19,Denmark,Right Winger,,
SA,2025,110,SS Lazio,120446,Dimitrije Kamenovic,2000-07-16,Serbia,Left-Back,,
SA,2025,110,SS Lazio,111220,Nicolo Rovella,2001-12-04,Italy,Defensive Midfield,,
SA,2025,110,SS Lazio,98299,Boulaye Dia,1996-11-16,Senegal,Centre-Forward,,
SA,2025,110,SS Lazio,80459,Nuno Tavares,2000-01-26,Portugal,Left-Back,,
SA,2025,112,Parma Calcio 1913,118920,Zion Suzuki,2002-08-21,Japan,Goalkeeper,,
SA,2025,112,Parma Calcio 1913,136714,Edoardo Corvi,2001-03-23,Italy,Goalkeeper,,
SA,2025,112,Parma Calcio 1913,152513,Filippo Rinaldi,2002-12-04,Italy,Goalkeeper,,
SA,2025,112,Parma Calcio 1913,180542,Mathias Lovik,2003-12-06,Norway,Defence,,
SA,2025,112,Parma Calcio 1913,212729,Mariano Troilo,2003-06-22,Argentina,Defence,,
SA,2025,112,Parma Calcio 1913,180499,Oliver Sorensen,2002-03-10,Denmark,Midfield,,
SA,2025,112,Parma Calcio 1913,191285,Christian Ordonez,2004-07-24,Argentina,Midfield,,
SA,2025,112,Parma Calcio 1913,273621,Elia Plicco,2007-02-01,Italy,Midfield,,
SA,2025,112,Parma Calcio 1913,184455,Matija Frigan,2003-02-11,Croatia,Offence,,
SA,2025,112,Parma Calcio 1913,263877,Mateusz Kowalski,2005-07-21,Poland,Offence,,
SA,2025,112,Parma Calcio 1913,228000,Peter Amoran,2004-05-22,Sweden,Centre-Back,,
SA,2025,112,Parma Calcio 1913,215586,Mohamed Anas Haj,2005-03-26,Tunisia,Right Winger,,
SA,2025,112,Parma Calcio 1913,204310,Abdoulaye N'Diaye,2002-04-10,Senegal,Centre-Back,,
SA,2025,112,Parma Calcio 1913,191650,Tjas Begic,2003-06-30,Slovenia,Left Winger,,
SA,2025,112,Parma Calcio 1913,191017,Antoine Joujou,2003-03-12,France,Left Winger,,
SA,2025,112,Parma Calcio 1913,178011,Dario Sits,2004-02-04,Latvia,Centre-Forward,,
SA,2025,112,Parma Calcio 1913,176730,Alessandro Circati,2003-10-10,Australia,Centre-Back,,
SA,2025,112,Parma Calcio 1913,165900,Mandela Keita,2002-05-10,Belgium,Defensive Midfield,,
SA,2025,112,Parma Calcio 1913,157538,Mateo Pellegrino,2001-10-22,Argentina,Centre-Forward,,
SA,2025,112,Parma Calcio 1913,136712,Botond Balogh,2002-06-06,Hungary,Centre-Back,,
SA,2025,112,Parma Calcio 1913,135009,Jacob Ondrejka,2002-09-02,Sweden,Left Winger,,
SA,2025,112,Parma Calcio 1913,105447,Adrian Benedyczak,2000-11-24,Poland,Left Winger,,
SA,2025,112,Parma Calcio 1913,97151,Lautaro Valenti,1999-01-14,Argentina,Centre-Back,,
SA,2025,112,Parma Calcio 1913,92051,Adrian Bernabe,2001-05-26,Spain,Central Midfield,,
SA,2025,112,Parma Calcio 1913,60002,Nahuel Estevez,1995-11-14,Argentina,Defensive Midfield,,
SA,2025,112,Parma Calcio 1913,42613,Emanuele Valeri,1998-12-07,Italy,Left-Back,,
SA,2025,112,Parma Calcio 1913,31881,Pontus Almqvist,1999-07-10,Sweden,Right Winger,,
SA,2025,112,Parma Calcio 1913,8540,Hernani,1994-03-27,Brazil,Central Midfield,,
SA,2025,112,Parma Calcio 1913,4409,Milan Đuric,1990-05-22,Bosnia-Herzegovina,Centre-Forward,,
SA,2025,112,Parma Calcio 1913,1839,Enrico Del Prato,1999-11-10,Italy,Right-Back,,
SA,2025,113,SSC Napoli,2275,Vanja Milinkovic-Savic,1997-02-20,Serbia,Goalkeeper,,
SA,2025,113,SSC Napoli,2344,Alex Meret,1997-03-22,Italy,Goalkeeper,,
SA,2025,113,SSC Napoli,74378,Nikita Contini Baranovsky,1996-05-21,Italy,Goalkeeper,,
SA,2025,113,SSC Napoli,284109,Mathias Ferrante,2006-09-01,Italy,Goalkeeper,,
SA,2025,113,SSC Napoli,176944,Antonio Vergara,2003-01-16,Italy,Midfield,,
SA,2025,113,SSC Napoli,176264,Giuseppe Ambrosino,2003-09-10,Italy,Offence,,
SA,2025,113,SSC Napoli,217676,Luis Hasa,2004-01-06,Italy,Central Midfield,,
SA,2025,113,SSC Napoli,214546,Luca Marianucci,2004-07-23,Italy,Centre-Back,,
SA,2025,113,SSC Napoli,161310,Juan Jesus,1991-06-10,Brazil,Centre-Back,,
SA,2025,113,SSC Napoli,144953,Miguel Gutierrez,2001-07-27,Spain,Left-Back,,
SA,2025,113,SSC Napoli,129808,Walid Cheddira,1998-01-22,Morocco,Centre-Forward,,
SA,2025,113,SSC Napoli,126289,Billy Gilmour,2001-06-11,Scotland,Defensive Midfield,,
SA,2025,113,SSC Napoli,53281,Sam Beukema,1998-11-17,Netherlands,Centre-Back,,
SA,2025,113,SSC Napoli,40305,Lorenzo Lucca,2000-09-10,Italy,Centre-Forward,,
SA,2025,113,SSC Napoli,33628,Stanislav Lobotka,1994-11-25,Slovakia,Defensive Midfield,,
SA,2025,113,SSC Napoli,32754,Mathias Olivera,1997-10-31,Uruguay,Left-Back,,
SA,2025,113,SSC Napoli,23127,Amir Rrahmani,1994-02-24,Kosovo,Centre-Back,,
SA,2025,113,SSC Napoli,8354,Andre Zambo Anguissa,1995-11-16,Cameroon,Central Midfield,,
SA,2025,113,SSC Napoli,7905,Scott McTominay,1996-12-08,Scotland,Central Midfield,,
SA,2025,113,SSC Napoli,7571,David Neres,1997-03-03,Brazil,Right Winger,,
SA,2025,113,SSC Napoli,7565,Noa Lang,1999-06-17,Netherlands,Left Winger,,
SA,2025,113,SSC Napoli,3662,Romelu Lukaku,1993-05-13,Belgium,Centre-Forward,,
SA,2025,113,SSC Napoli,3654,Kevin De Bruyne,1991-06-28,Belgium,Attacking Midfield,,
SA,2025,113,SSC Napoli,2996,Alessandro Zanoli,2000-10-03,Italy,Right-Back,,
SA,2025,113,SSC Napoli,2487,Giovanni Di Lorenzo,1993-08-04,Italy,Right-Back,,
SA,2025,113,SSC Napoli,2386,Pasquale Mazzocchi,1995-07-27,Italy,Right-Back,,
SA,2025,113,SSC Napoli,2280,Alessandro Buongiorno,1999-06-06,Italy,Centre-Back,,
SA,2025,113,SSC Napoli,2193,Matteo Politano,1993-08-03,Italy,Right Winger,,
SA,2025,113,SSC Napoli,1842,Leonardo Spinazzola,1993-03-25,Italy,Left-Back,,
SA,2025,115,Udinese Calcio,1993,Daniele Padelli,1985-10-25,Italy,Goalkeeper,,
SA,2025,115,Udinese Calcio,65480,Maduka Okoye,1999-08-28,Nigeria,Goalkeeper,,
SA,2025,115,Udinese Calcio,141480,Razvan Sava,2002-06-21,Romania,Goalkeeper,,
SA,2025,115,Udinese Calcio,206347,Alessandro Nunziante,1991-03-20,Italy,Goalkeeper,,
SA,2025,115,Udinese Calcio,172425,Nicolo Bertola,2003-03-23,Italy,Defence,,
SA,2025,115,Udinese Calcio,284110,Cristiano De Paoli,2008-01-27,Italy,Defence,,
SA,2025,115,Udinese Calcio,64243,Jakub Piotrowski,1997-10-04,Poland,Midfield,,
SA,2025,115,Udinese Calcio,187404,Lennon Miller,2006-08-25,Scotland,Midfield,,
SA,2025,115,Udinese Calcio,276002,Abdoulaye Camara,2008-09-28,France,Midfield,,
SA,2025,115,Udinese Calcio,285327,Giulio Vinciati,2007-08-29,Italy,Offence,,
SA,2025,115,Udinese Calcio,136145,Marco Ballarini,2001-03-28,Italy,Central Midfield,,
SA,2025,115,Udinese Calcio,99311,Jordan Zemura,1999-11-14,Zimbabwe,Left-Back,,
SA,2025,115,Udinese Calcio,84493,Vakoun Issouf Bayo,1997-01-10,Ivory Coast,Centre-Forward,,
SA,2025,115,Udinese Calcio,31065,Jesper Karlstrom,1995-06-21,Sweden,Defensive Midfield,,
SA,2025,115,Udinese Calcio,10887,Sandi Lovric,1998-03-28,Slovenia,Central Midfield,,
SA,2025,115,Udinese Calcio,8462,Oumar Solet,2000-02-07,France,Centre-Back,,
SA,2025,115,Udinese Calcio,8111,Christian Kabasele,1991-02-24,Belgium,Centre-Back,,
SA,2025,115,Udinese Calcio,7911,Alexis Sanchez,1988-12-19,Chile,Centre-Forward,,
SA,2025,115,Udinese Calcio,7710,Kingsley Ehizibue,1995-05-25,Netherlands,Right-Back,,
SA,2025,115,Udinese Calcio,7567,Jurgen Ekkelenkamp,2000-04-05,Netherlands,Attacking Midfield,,
SA,2025,115,Udinese Calcio,3896,Keinan Davis,1998-02-13,England,Centre-Forward,,
SA,2025,115,Udinese Calcio,1360,Brenner,2000-01-16,Brazil,Centre-Forward,,
SA,2025,115,Udinese Calcio,822,Hassane Kamara,1994-03-05,Ivory Coast,Left-Back,,
SA,2025,115,Udinese Calcio,252872,Matteo Palma,2008-03-13,Germany,Centre-Back,,
SA,2025,115,Udinese Calcio,215588,David Pejicic,2007-06-14,Slovenia,Attacking Midfield,,
SA,2025,115,Udinese Calcio,215525,Saba Goglichidze,2004-06-25,Georgia,Centre-Back,,
SA,2025,115,Udinese Calcio,190552,Arthur Atta,2003-01-14,France,Defensive Midfield,,
SA,2025,115,Udinese Calcio,178884,Damian Pizarro,2005-03-28,Chile,Centre-Forward,,
SA,2025,115,Udinese Calcio,175906,Iker Bravo,2005-01-13,Spain,Centre-Forward,,
SA,2025,115,Udinese Calcio,151299,Thomas Kristensen,2002-01-17,Denmark,Centre-Back,,
SA,2025,115,Udinese Calcio,151117,Rui Modesto,1999-10-07,Angola,Right Midfield,,
SA,2025,115,Udinese Calcio,150522,Oier Zarraga,1999-01-04,Spain,Central Midfield,,
SA,2025,450,Hellas Verona FC,2891,Lorenzo Montipo,1996-02-20,Italy,Goalkeeper,,
SA,2025,450,Hellas Verona FC,42319,Simone Perilli,1995-01-07,Italy,Goalkeeper,,
SA,2025,450,Hellas Verona FC,176869,Giacomo Toniolo,2004-04-01,Italy,Goalkeeper,,
SA,2025,450,Hellas Verona FC,160756,Rafik Belghali,2002-06-07,Algeria,Defence,,
SA,2025,450,Hellas Verona FC,279752,Adi Kurti,2006-01-17,Albania,Defence,,
SA,2025,450,Hellas Verona FC,284061,Fallou Cham,,Gambia,Defence,,
SA,2025,450,Hellas Verona FC,136910,Stefan Mitrovic,2002-08-15,Serbia,Offence,,
SA,2025,450,Hellas Verona FC,181795,Giovane Nascimento,2003-11-24,Brazil,Offence,,
SA,2025,450,Hellas Verona FC,252918,Junior Ajayi,2004-10-11,Ivory Coast,Centre-Forward,,
SA,2025,450,Hellas Verona FC,217541,Mathis Lambourde,2006-01-09,France,Centre-Forward,,
SA,2025,450,Hellas Verona FC,203887,Charlys,2004-02-19,Brazil,Defensive Midfield,,
SA,2025,450,Hellas Verona FC,203446,Yellu,2004-05-25,Spain,Central Midfield,,
SA,2025,450,Hellas Verona FC,182322,Tobias Slotsager,2006-01-01,Denmark,Centre-Back,,
SA,2025,450,Hellas Verona FC,178445,Daniel Mosquera,1999-10-20,Colombia,Centre-Forward,,
SA,2025,450,Hellas Verona FC,175919,Dailon Rocha Livramento,2001-05-04,Cape Verde Islands,Centre-Forward,,
SA,2025,450,Hellas Verona FC,175894,Daniel Oyegoke,2003-01-03,England,Right-Back,,
SA,2025,450,Hellas Verona FC,169089,Nicolas Valentini,2001-04-06,Argentina,Centre-Back,,
SA,2025,450,Hellas Verona FC,159336,Jayden Braaf,2002-08-31,Netherlands,Left Winger,,
SA,2025,450,Hellas Verona FC,137978,Tomas Suslov,2002-06-07,Slovakia,Attacking Midfield,,
SA,2025,450,Hellas Verona FC,124473,Amin Sarr,2001-03-11,Sweden,Centre-Forward,,
SA,2025,450,Hellas Verona FC,102047,Cheikh Niasse,2000-01-19,Senegal,Defensive Midfield,,
SA,2025,450,Hellas Verona FC,32584,Unai Nunez,1997-01-30,Spain,Centre-Back,,
SA,2025,450,Hellas Verona FC,25504,Domagoj Bradaric,1999-12-10,Croatia,Left-Back,,
SA,2025,450,Hellas Verona FC,24235,Martin Frese,1998-01-04,Denmark,Left-Back,,
SA,2025,450,Hellas Verona FC,24234,Victor Nelsson,1998-10-14,Denmark,Centre-Back,,
SA,2025,450,Hellas Verona FC,9306,Grigoris Kastanos,1998-01-30,Cyprus,Attacking Midfield,,
SA,2025,450,Hellas Verona FC,8487,Antoine Bernede,1999-05-26,France,Central Midfield,,
SA,2025,450,Hellas Verona FC,7763,Abdou Harroui,1998-01-13,Morocco,Central Midfield,,
SA,2025,450,Hellas Verona FC,6629,Suat Serdar,1997-04-11,Germany,Central Midfield,,
SA,2025,450,Hellas Verona FC,777,Enzo Ebosse,1999-03-11,Cameroon,Centre-Back,,
SA,2025,457,US Cremonese,2143,Marco Silvestri,1991-03-02,Italy,Goalkeeper,,
SA,2025,457,US Cremonese,3087,Emil Audero,1997-01-18,Indonesia,Goalkeeper,,
SA,2025,457,US Cremonese,115244,Gianluca Saro,2000-06-25,Italy,Goalkeeper,,
SA,2025,457,US Cremonese,176943,Lapo Nava,2004-01-22,Italy,Goalkeeper,,
SA,2025,457,US Cremonese,2145,Matteo Bianchetti,1993-03-17,Italy,Defence,,
SA,2025,457,US Cremonese,41923,Leonardo Sernicola,1997-07-30,Italy,Defence,,
SA,2025,457,US Cremonese,124704,Tommaso Barbieri,2002-08-26,Italy,Defence,,
SA,2025,457,US Cremonese,152455,Lorenzo Moretti,2002-02-26,Italy,Defence,,
SA,2025,457,US Cremonese,175839,Romano Floriani,2003-01-27,Italy,Defence,,
SA,2025,457,US Cremonese,188533,Francesco Folino,2002-01-23,Italy,Defence,,
SA,2025,457,US Cremonese,191692,Yuri Rocchetti,2003-06-15,Italy,Defence,,
SA,2025,457,US Cremonese,60,Franco Vazquez,1989-02-22,Argentina,Midfield,,
SA,2025,457,US Cremonese,2496,Michele Castagnetti,1989-12-27,Italy,Midfield,,
SA,2025,457,US Cremonese,30876,Charles Pickel,1997-05-15,DR Congo,Midfield,,
SA,2025,457,US Cremonese,41859,Jari Vandeputte,1996-02-14,Belgium,Midfield,,
SA,2025,457,US Cremonese,42157,Michele Collocolo,1999-11-08,Italy,Midfield,,
SA,2025,457,US Cremonese,261692,Dachi Lordkipanidze,2005-03-08,Georgia,Midfield,,
SA,2025,457,US Cremonese,1763,Frank Tsadjout,1999-07-28,Italy,Offence,,
SA,2025,457,US Cremonese,11026,Manuel De Luca,1998-07-17,Italy,Offence,,
SA,2025,457,US Cremonese,7573,Dennis Johnsen,1998-02-17,Norway,Left Winger,,
SA,2025,457,US Cremonese,2373,Federico Bonazzoli,1997-05-21,Italy,Centre-Forward,,
SA,2025,457,US Cremonese,2362,Alberto Grassi,1995-03-07,Italy,Defensive Midfield,,
SA,2025,457,US Cremonese,2213,Federico Ceccherini,1992-05-11,Italy,Centre-Back,,
SA,2025,457,US Cremonese,2155,Mattia Valoti,1993-09-06,Italy,Central Midfield,,
SA,2025,457,US Cremonese,2120,Giuseppe Pezzella,1997-11-29,Italy,Left-Back,,
SA,2025,457,US Cremonese,2107,Alessio Zerbin,1999-03-03,Italy,Left Winger,,
SA,2025,457,US Cremonese,14,Antonio Sanabria,1996-03-04,Paraguay,Centre-Forward,,
SA,2025,457,US Cremonese,156527,Warren Bondo,2003-09-15,France,Central Midfield,,
SA,2025,457,US Cremonese,144950,Filippo Terracciano,2003-02-08,Italy,Right-Back,,
SA,2025,457,US Cremonese,86045,Federico Baschirotto,1996-09-20,Italy,Centre-Back,,
SA,2025,457,US Cremonese,45711,Martin Payero,1998-09-11,Argentina,Central Midfield,,
SA,2025,457,US Cremonese,42179,David Okereke,1997-08-29,Nigeria,Centre-Forward,,
SA,2025,471,US Sassuolo Calcio,2178,Giacomo Satalino,1999-05-20,Italy,Goalkeeper,,
SA,2025,471,US Sassuolo Calcio,41384,Stefano Turati,2001-09-05,Italy,Goalkeeper,,
SA,2025,471,US Sassuolo Calcio,81179,Arijanet Muric,1998-11-07,Kosovo,Goalkeeper,,
SA,2025,471,US Sassuolo Calcio,176750,Gioele Zacchi,2003-07-10,Italy,Goalkeeper,,
SA,2025,471,US Sassuolo Calcio,1902,Filippo Romagna,1997-05-26,Italy,Defence,,
SA,2025,471,US Sassuolo Calcio,177039,Edoardo Pieragnolo,2003-01-03,Italy,Defence,,
SA,2025,471,US Sassuolo Calcio,179578,Yeferson Paz,2002-06-13,Colombia,Defence,,
SA,2025,471,US Sassuolo Calcio,1920,Fabrizio Caligara,2000-04-12,Italy,Midfield,,
SA,2025,471,US Sassuolo Calcio,119163,Andrea Ghion,2000-02-23,Italy,Midfield,,
SA,2025,471,US Sassuolo Calcio,150821,Edoardo Iannoni,2001-04-11,Italy,Midfield,,
SA,2025,471,US Sassuolo Calcio,172183,Ismael Kone,2002-06-06,Canada,Midfield,,
SA,2025,471,US Sassuolo Calcio,175891,Cristian Volpato,2003-11-15,Italy,Midfield,,
SA,2025,471,US Sassuolo Calcio,176880,Salim Abubakar,2003-04-06,Ghana,Midfield,,
SA,2025,471,US Sassuolo Calcio,111561,Luca Moro,2001-01-25,Italy,Offence,,
SA,2025,471,US Sassuolo Calcio,152114,Agustin Alvarez Martinez,2001-05-19,Uruguay,Offence,,
SA,2025,471,US Sassuolo Calcio,245405,Laurs Skjellerup,2002-08-12,Denmark,Offence,,
SA,2025,471,US Sassuolo Calcio,122340,Aster Vranckx,2002-10-04,Belgium,Central Midfield,,
SA,2025,471,US Sassuolo Calcio,117370,Fali Cande,1998-01-24,Portugal,Centre-Back,,
SA,2025,471,US Sassuolo Calcio,105441,Sebastian Walukiewicz,2000-04-05,Poland,Centre-Back,,
SA,2025,471,US Sassuolo Calcio,53403,Jay Idzes,2000-06-02,Indonesia,Centre-Back,,
SA,2025,471,US Sassuolo Calcio,44033,Kristian Thorstvedt,1999-03-13,Norway,Attacking Midfield,,
SA,2025,471,US Sassuolo Calcio,8822,Armand Lauriente,1998-12-04,France,Left Winger,,
SA,2025,471,US Sassuolo Calcio,2847,Samuele Mulattieri,2000-10-07,Italy,Centre-Forward,,
SA,2025,471,US Sassuolo Calcio,2203,Nicholas Pierini,1998-08-06,Italy,Right Winger,,
SA,2025,471,US Sassuolo Calcio,2202,Domenico Berardi,1994-08-01,Italy,Right Winger,,
SA,2025,471,US Sassuolo Calcio,2016,Andrea Pinamonti,1999-05-19,Italy,Centre-Forward,,
SA,2025,471,US Sassuolo Calcio,192659,Alieu Fadera,2001-11-03,Gambia,Left Winger,,
SA,2025,471,US Sassuolo Calcio,189844,Luca Lipani,2005-05-18,Italy,Defensive Midfield,,
SA,2025,471,US Sassuolo Calcio,189153,Tarik Muharemovic,2003-02-28,Bosnia-Herzegovina,Centre-Back,,
SA,2025,471,US Sassuolo Calcio,175837,Filippo Missori,2004-03-24,Italy,Right-Back,,
SA,2025,471,US Sassuolo Calcio,147020,Daniel Boloca,1998-12-22,Italy,Central Midfield,,
SA,2025,471,US Sassuolo Calcio,131258,Ruan,1999-06-07,Brazil,Centre-Back,,
SA,2025,471,US Sassuolo Calcio,125523,Cas Odenthal,2000-09-26,Netherlands,Centre-Back,,
SA,2025,471,US Sassuolo Calcio,122407,Josh Doig,2002-01-01,Scotland,Left-Back,,
SA,2025,487,AC Pisa 1909,2108,Simone Scuffet,1996-05-31,Italy,Goalkeeper,,
SA,2025,487,AC Pisa 1909,2142,Nicolas,1988-04-12,Brazil,Goalkeeper,,
SA,2025,487,AC Pisa 1909,23318,Adrian Semper,1998-01-12,Croatia,Goalkeeper,,
SA,2025,487,AC Pisa 1909,2148,Antonio Caracciolo,1990-06-30,Italy,Defence,,
SA,2025,487,AC Pisa 1909,2490,Simone Canestrelli,2000-09-11,Italy,Defence,,
SA,2025,487,AC Pisa 1909,2730,Andrea Beghetto,1994-10-11,Italy,Defence,,
SA,2025,487,AC Pisa 1909,3064,Arturo Calabresi,1996-03-17,Italy,Defence,,
SA,2025,487,AC Pisa 1909,40237,Pietro Beruatto,1998-12-21,Italy,Defence,,
SA,2025,487,AC Pisa 1909,63109,Adrian Rus,1996-03-18,Romania,Defence,,
SA,2025,487,AC Pisa 1909,165887,Samuele Angori,2003-10-07,Italy,Defence,,
SA,2025,487,AC Pisa 1909,178713,Tomas Esteves,2002-04-03,Portugal,Defence,,
SA,2025,487,AC Pisa 1909,267901,Daniel Denoon,2004-01-28,Switzerland,Defence,,
SA,2025,487,AC Pisa 1909,283852,Matias Casarosa,2007-08-21,Argentina,Defence,,
SA,2025,487,AC Pisa 1909,283853,Jeremy Kandje Mbambi,2008-05-04,Belgium,Defence,,
SA,2025,487,AC Pisa 1909,420,Matteo Tramoni,2000-01-20,Italy,Midfield,,
SA,2025,487,AC Pisa 1909,1956,Mehdi Leris,1998-05-23,Algeria,Midfield,,
SA,2025,487,AC Pisa 1909,42626,Edgaras Dubickas,1998-07-09,Lithuania,Midfield,,
SA,2025,487,AC Pisa 1909,56647,Marius Mihai Marin,1998-08-30,Romania,Midfield,,
SA,2025,487,AC Pisa 1909,130695,Malthe Hojholt,2001-04-16,Denmark,Midfield,,
SA,2025,487,AC Pisa 1909,191583,Gabriele Piccinini,2001-04-06,Italy,Midfield,,
SA,2025,487,AC Pisa 1909,261851,Zan Jevsenak,2003-05-15,Slovenia,Midfield,,
SA,2025,487,AC Pisa 1909,274077,Giacomo Maucci,2007-03-16,Italy,Midfield,,
SA,2025,487,AC Pisa 1909,2436,Stefano Moreo,1993-06-30,Italy,Offence,,
SA,2025,487,AC Pisa 1909,40606,Elia Giani,2000-12-20,Italy,Offence,,
SA,2025,487,AC Pisa 1909,56853,Idrissa Toure,1998-04-29,Germany,Offence,,
SA,2025,487,AC Pisa 1909,130431,Alessandro Arena,2000-08-03,Italy,Offence,,
SA,2025,487,AC Pisa 1909,136752,Alexander Lind Rasmussen,2002-01-01,Denmark,Offence,,
SA,2025,487,AC Pisa 1909,161370,M'Bala Nzola,1996-08-18,Angola,Offence,,
SA,2025,487,AC Pisa 1909,265128,Mert Durmush,2005-10-25,Bulgaria,Offence,,
SA,2025,487,AC Pisa 1909,275527,Louis Buffon,2007-12-28,Czech Republic,Offence,,
SA,2025,487,AC Pisa 1909,16265,Michel Aebischer,1997-01-06,Switzerland,Central Midfield,,
SA,2025,487,AC Pisa 1909,2037,Juan Cuadrado,1988-05-26,Colombia,Right Midfield,,
SA,2025,487,AC Pisa 1909,1955,Emanuel Vignato,2000-04-28,Italy,Right Winger,,
SA,2025,487,AC Pisa 1909,213819,Henrik Meister,2003-11-17,Denmark,Centre-Forward,,
SA,2025,487,AC Pisa 1909,206715,Ebenezer Akinsanmiro,2004-11-25,Nigeria,Central Midfield,,
SA,2025,487,AC Pisa 1909,203839,Mateus Lusuardi,2004-01-08,Brazil,Centre-Back,,
SA,2025,487,AC Pisa 1909,188117,Isak Vural,2006-05-28,Turkey,Attacking Midfield,,
SA,2025,586,Torino FC,2684,Alberto Paleari,1992-08-29,Italy,Goalkeeper,,
SA,2025,586,Torino FC,97893,Franco Israel,2000-04-22,Uruguay,Goalkeeper,,
SA,2025,586,Torino FC,169137,Mihai Popa,2000-10-12,Romania,Goalkeeper,,
SA,2025,586,Torino FC,274502,Demyan Yesin,2007-04-24,Ukraine,Defence,,
SA,2025,586,Torino FC,246638,Come Bianay Balcot,2005-05-13,France,Midfield,,
SA,2025,586,Torino FC,273396,Sergiu Perciun,2006-04-23,Moldova,Midfield,,
SA,2025,586,Torino FC,271983,Tommaso Gabellini,2006-10-21,Italy,Offence,,
SA,2025,586,Torino FC,81085,Zakaria Aboukhlal,2000-02-18,Morocco,Right Winger,,
SA,2025,586,Torino FC,67697,Ivan Ilic,2001-03-17,Serbia,Central Midfield,,
SA,2025,586,Torino FC,53469,Perr Schuurs,1999-11-26,Netherlands,Centre-Back,,
SA,2025,586,Torino FC,38548,Marcus Pedersen,2000-07-16,Norway,Right Midfield,,
SA,2025,586,Torino FC,23287,Ardian Ismajli,1996-09-30,Albania,Centre-Back,,
SA,2025,586,Torino FC,8438,Adrien Tameze,1994-02-04,France,Defensive Midfield,,
SA,2025,586,Torino FC,7843,Nikola Vlasic,1997-10-04,Croatia,Attacking Midfield,,
SA,2025,586,Torino FC,6563,Valentino Lazaro,1996-03-24,Austria,Left Midfield,,
SA,2025,586,Torino FC,4119,Che Adams,1996-07-13,Scotland,Centre-Forward,,
SA,2025,586,Torino FC,2271,Duvan Zapata,1991-04-01,Colombia,Centre-Forward,,
SA,2025,586,Torino FC,1865,Adam Masina,1994-01-02,Morocco,Centre-Back,,
SA,2025,586,Torino FC,1789,Giovanni Simeone,1995-07-05,Argentina,Centre-Forward,,
SA,2025,586,Torino FC,1776,Cristiano Biraghi,1992-09-01,Italy,Left-Back,,
SA,2025,586,Torino FC,280,Guillermo Maripan,1994-05-06,Chile,Centre-Back,,
SA,2025,586,Torino FC,246508,Alieu Njie,2005-05-14,Sweden,Left Winger,,
SA,2025,586,Torino FC,226987,Zannetos Savva,2005-11-26,Cyprus,Right Winger,,
SA,2025,586,Torino FC,191428,Aaron Ciammaglichella,2005-01-26,Italy,Central Midfield,,
SA,2025,586,Torino FC,190831,Gvidas Gineitis,2004-04-15,Lithuania,Central Midfield,,
SA,2025,586,Torino FC,190793,Ali Dembele,2004-01-05,France,Right Midfield,,
SA,2025,586,Torino FC,179558,Cesare Casadei,2003-01-10,Italy,Central Midfield,,
SA,2025,586,Torino FC,172940,Emirhan Ilkhan,2004-06-01,Turkey,Central Midfield,,
SA,2025,586,Torino FC,161083,Saba Sazonov,2002-02-01,Georgia,Centre-Back,,
SA,2025,586,Torino FC,132385,Brian Bayeye,2000-06-30,France,Right Midfield,,
SA,2025,586,Torino FC,131119,Faustino Anjorin,2001-11-23,England,Attacking Midfield,,
SA,2025,586,Torino FC,123689,Saul Coco,1999-02-09,Equatorial Guinea,Centre-Back,,
SA,2025,586,Torino FC,99859,Cyril Ngonge,2000-05-26,Belgium,Right Winger,,
SA,2025,5890,US Lecce,344,Christian Fruchtl,2000-01-28,Germany,Goalkeeper,,
SA,2025,5890,US Lecce,56649,Wladimiro Falcone,1995-04-12,Italy,Goalkeeper,,
SA,2025,5890,US Lecce,133202,Jasper Samooja,2003-07-21,Finland,Goalkeeper,,
SA,2025,5890,US Lecce,274043,Cristian Pehlivanov,2006-11-01,Bulgaria,Defence,,
SA,2025,5890,US Lecce,285135,Matias Perez,2005-04-13,Chile,Defence,,
SA,2025,5890,US Lecce,226967,Olaf Gorter,2005-01-31,Netherlands,Midfield,,
SA,2025,5890,US Lecce,121808,Lameck Banda,2001-01-29,Zambia,Left Winger,,
SA,2025,5890,US Lecce,117369,Corrie Ndaba,1999-12-25,Ireland,Left-Back,,
SA,2025,5890,US Lecce,116223,Santiago Pierotti,2001-04-03,Argentina,Right Winger,,
SA,2025,5890,US Lecce,113590,Gaby Jean,2000-02-19,France,Centre-Back,,
SA,2025,5890,US Lecce,105294,Filip Marchwinski,2002-01-10,Poland,Attacking Midfield,,
SA,2025,5890,US Lecce,77469,Antonino Gallo,2000-01-05,Italy,Left-Back,,
SA,2025,5890,US Lecce,70286,Ylber Ramadani,1996-04-12,Albania,Defensive Midfield,,
SA,2025,5890,US Lecce,57805,Youssef Maleh,1998-08-22,Morocco,Central Midfield,,
SA,2025,5890,US Lecce,33843,Tete Morente,1996-12-04,Spain,Left Winger,,
SA,2025,5890,US Lecce,16794,Þorir Johann Helgason,2000-09-28,Iceland,Central Midfield,,
SA,2025,5890,US Lecce,8658,Lassana Coulibaly,1996-04-10,Mali,Central Midfield,,
SA,2025,5890,US Lecce,8324,Frederic Guilbert,1994-12-24,France,Right-Back,,
SA,2025,5890,US Lecce,1792,Riccardo Sottil,1999-06-03,Italy,Left Winger,,
SA,2025,5890,US Lecce,818,Remi Oudin,1996-11-18,France,Attacking Midfield,,
SA,2025,5890,US Lecce,264468,Vernon Addo,2005-05-24,Netherlands,Left-Back,,
SA,2025,5890,US Lecce,264208,Christ-Owen Kouassi Bathele,2003-04-15,France,Right-Back,,
SA,2025,5890,US Lecce,263220,Elijah Scott,2006-02-03,Germany,Centre-Back,,
SA,2025,5890,US Lecce,246341,Tiago Gabriel,2004-12-26,Portugal,Centre-Back,,
SA,2025,5890,US Lecce,242550,Francesco Camarda,2008-03-10,Italy,Centre-Forward,,
SA,2025,5890,US Lecce,213073,Kialonda Gaspar,1997-09-27,Angola,Centre-Back,,
SA,2025,5890,US Lecce,188103,Medon Berisha,2003-10-21,Albania,Central Midfield,,
SA,2025,5890,US Lecce,185129,Danilo Veiga,2002-09-25,Portugal,Right-Back,,
SA,2025,5890,US Lecce,170915,Mohamed Kaba,2001-10-27,France,Central Midfield,,
SA,2025,5890,US Lecce,167394,Konan N'Dri,2000-10-27,Ivory Coast,Right Winger,,
SA,2025,5890,US Lecce,150530,Jamil Siebert,2002-04-02,Germany,Centre-Back,,
SA,2025,5890,US Lecce,137674,Balthazar Pierret,2000-05-15,France,Defensive Midfield,,
SA,2025,5890,US Lecce,129319,Hamza Rafia,1999-04-02,Tunisia,Central Midfield,,
SA,2025,7397,Como 1907,2715,Mauro Vigorito,1990-05-22,Italy,Goalkeeper,,
SA,2025,7397,Como 1907,9186,Jean Butez,1995-06-08,France,Goalkeeper,,
SA,2025,7397,Como 1907,276252,Henrique Menke,2007-01-12,Brazil,Goalkeeper,,
SA,2025,7397,Como 1907,156912,Martin Baturina,2003-02-16,Croatia,Midfield,,
SA,2025,7397,Como 1907,67902,Nicolas Kuhn,2000-01-01,Germany,Offence,,
SA,2025,7397,Como 1907,180183,Ivan Azon,2002-12-24,Spain,Offence,,
SA,2025,7397,Como 1907,114212,Ivan Smolcic,2000-08-17,Croatia,Right-Back,,
SA,2025,7397,Como 1907,101350,Maxence Caqueret,2000-02-15,France,Central Midfield,,
SA,2025,7397,Como 1907,93649,Marco Sala,1999-06-04,Italy,Left-Back,,
SA,2025,7397,Como 1907,76069,Alessandro Gabrielloni,1994-07-10,Italy,Centre-Forward,,
SA,2025,7397,Como 1907,43285,Anastasios Douvikas,1999-08-02,Greece,Centre-Forward,,
SA,2025,7397,Como 1907,40265,Alberto Dossena,1998-10-13,Italy,Centre-Back,,
SA,2025,7397,Como 1907,15865,Sergi Roberto,1992-02-07,Spain,Central Midfield,,
SA,2025,7397,Como 1907,9471,Marc-Oliver Kempf,1995-01-28,Germany,Centre-Back,,
SA,2025,7397,Como 1907,9204,Mergim Vojvoda,1995-02-01,Kosovo,Right-Back,,
SA,2025,7397,Como 1907,7860,Alberto Moreno,1992-07-05,Spain,Left-Back,,
SA,2025,7397,Como 1907,7819,Alvaro Morata,1992-10-23,Spain,Centre-Forward,,
SA,2025,7397,Como 1907,3324,Dele Alli,1996-04-11,England,Attacking Midfield,,
SA,2025,7397,Como 1907,2606,Alberto Cerri,1996-04-16,Italy,Centre-Forward,,
SA,2025,7397,Como 1907,2298,Andrea Belotti,1993-12-20,Italy,Centre-Forward,,
SA,2025,7397,Como 1907,2296,Ben Lhassine Kone,2000-03-14,Ivory Coast,Central Midfield,,
SA,2025,7397,Como 1907,2187,Edoardo Goldaniga,1993-11-02,Italy,Centre-Back,,
SA,2025,7397,Como 1907,1757,Patrick Cutrone,1998-01-03,Italy,Centre-Forward,,
SA,2025,7397,Como 1907,270254,Jesus Rodriguez,2005-11-21,Spain,Left Winger,,
SA,2025,7397,Como 1907,261635,Fellipe Jack,2006-01-12,Italy,Centre-Back,,
SA,2025,7397,Como 1907,260934,Peter Kovacik,2001-12-01,Slovakia,Right Midfield,,
SA,2025,7397,Como 1907,247056,Jacobo Ramon,2005-06-06,Spain,Centre-Back,,
SA,2025,7397,Como 1907,245058,Giuseppe Mazzaglia,2006-04-20,Italy,Central Midfield,,
SA,2025,7397,Como 1907,218847,Ali Jassim El-Aibi,2004-01-20,Iraq,Left Winger,,
SA,2025,7397,Como 1907,218474,Assane Diao,2005-09-07,Spain,Right Winger,,
SA,2025,7397,Como 1907,215720,Naj Razi,2006-10-28,Ireland,Attacking Midfield,,
SA,2025,7397,Como 1907,203511,Nico Paz,2004-09-08,Argentina,Attacking Midfield,,
SA,2025,7397,Como 1907,189493,Alex Valle,2004-04-25,Spain,Left-Back,,
SA,2025,7397,Como 1907,179159,Maximo Perrone,2003-01-07,Argentina,Defensive Midfield,,
SA,2025,7397,Como 1907,178165,Jayden Addai,2005-08-26,Netherlands,Right Winger,,
SA,2025,7397,Como 1907,131205,Samuel Ballet,2001-03-12,Switzerland,Right Midfield,,
SA,2025,7397,Como 1907,129681,Tommaso Cassandro,2000-01-09,Italy,Right-Back,,
SA,2025,7397,Como 1907,126768,Ignace Van Der Brempt,2002-04-01,Belgium,Right-Back,,
SA,2025,7397,Como 1907,124620,Lucas Da Cunha,2001-06-09,France,Central Midfield,,
SA,2025,7397,Como 1907,123277,Yannik Engelhardt,2001-02-07,Germany,Defensive Midfield,,
